filename;start_time;end_time;start;end;info
11.parsed.json;3761;4508;2.3;49.8;posix read unique file
11.parsed.json;3761;4508;2.3;49.8;posix write consecutive sequential unique file
12.parsed.json;3761;4508;5.0;40.0;posix write sequential unique file
12.parsed.json;3761;4508;5.0;40.0;posix read sequential unique file
13.parsed.json;3761;4508;8.0;30.0;posix read file
13.parsed.json;3761;4508;32.0;45.0;posix read file
14.parsed.json;3761;4508;8.0;30.0;posix read file
14.parsed.json;3761;4508;50.0;55.0;posix read file
14.parsed.json;3761;4508;50.0;53.0;posix write file

11.parsed.json;3900;4508;2.3;19.8;posix read unique file
11.parsed.json;3900;4508;2.3;19.8;posix write consecutive sequential unique file
12.parsed.json;3900;4508;2.3;30.0;posix write sequential unique file
12.parsed.json;3900;4508;2.3;40.0;posix read sequential unique file
12.parsed.json;3900;4508;5;35;posix read unique 